body,Threat_Security,Threat_Culture,Threat_Jobs,Opportunity_Security,Opportunity_Culture,Opportunity_Economy,Pred_Threat_Security,Pred_Threat_Culture,Pred_Threat_Jobs,Pred_Opportunity_International,Pred_Opportunity_Culture,Pred_Opportunity_Economy
"Recent reports emerged suggesting migrants entering UK may pose threat national security . ongoing crisis Afghanistan leading surge refugees seeking asylum UK , concerns raised potential risks associated allowing individuals country . Home Office stated taking measures ensure proper security checks place migrants entering UK , critics argue needs done prevent potential threats slipping cracks . One particular concern issue radicalization , fears individuals extremist views may among seeking asylum UK . government vowed crack individuals found ties terrorist organizations , sheer volume migrants entering country makes difficult thoroughly vet every individual . addition security risks , also concerns strain influx migrants place public services resources . UK already facing challenges housing healthcare , added pressure accommodating large number migrants exacerbates issues . debate around migration national security complex contentious one , easy solutions sight . government grapples best manage influx migrants , clear issue national security continue top priority .",1,0,0,0,0,0,1.0,0.0,0.0,0.0,0.0,0.0
"recent years , topic migration become hot-button issue UK , many expressing concerns impact migrants national security . debate fueled number high-profile incidents involving migrants linked criminal activities terrorist organizations . One incident occurred last month , revealed group migrants arrested involvement human trafficking ring smuggling weapons country . discovery sent shockwaves nation , many questioning government 's ability properly vet monitor incoming migrants . incident one example growing fears surrounding migration potential threat national security . Critics argue current immigration system lax , allowing dangerous individuals slip cracks pose risk safety UK citizens . government responded tightening border controls implementing stricter vetting procedures incoming migrants . However , many feel needs done ensure enter country pose threat national security . debate rages , clear issue migration impact national security continue divisive topic UK . upcoming election looming , likely issue play key role shaping political landscape months come .",1,0,0,0,0,0,1.0,0.0,0.0,0.0,0.0,0.0
"Recent reports revealed issue migration UK scrutiny , concerns raised potential threat migrants pose national security . debate surrounding migration ongoing years , various political parties interest groups expressing differing views matter . However , latest focus national security added new dimension discussion . One key concerns raised critics potential migrants involved criminal activities terrorist organizations . fear exacerbated high-profile incidents migrants linked acts violence extremism . response concerns , government implemented stricter border controls increased surveillance measures monitor movements migrants . Additionally , calls tougher immigration policies prevent individuals questionable backgrounds entering country . However , supporters migration argue majority migrants law-abiding citizens contribute positively society . point economic benefits migrants bring , filling labor shortages boosting economy spending power . Despite opposing views , clear issue migration national security complex contentious one . debate continues , likely measures taken address concerns raised critics ensure safety security UK .",1,0,0,0,0,0,1.0,0.0,0.0,0.0,0.0,0.0
"recent years , issue migration become hot topic UK , many people expressing concerns impact migrants national security . UK seen significant increase number migrants entering country , leading fears individuals may pose threat safety security nation . One main concerns surrounding migration national security potential terrorists enter country posing migrants . several high-profile cases recent years individuals entered UK migrants later linked terrorist activities . led calls stricter border controls increased scrutiny entering country . Another issue raised concerns potential migrants engage criminal activities UK . reports migrants involved drug trafficking , human trafficking , illegal activities , raising fears individuals may contributing rise crime rates country . response concerns , UK government implemented stricter immigration policies increased security measures border . includes increased checks individuals entering country , well efforts deport found engaging criminal activities . Despite efforts , issue migration national security remains contentious topic UK . many believe migrants threat national security , others argue simply seeking better life welcomed country . debate balance need security rights migrants likely continue years come .",1,0,0,0,0,0,1.0,0.0,0.0,0.0,0.0,0.0
"recent years , issue migration hot topic UK , many politicians members public expressing concerns impact migration national security . debate intensified wake recent terrorist attacks UK , arguing migrants pose threat country 's security . One main concerns raised believe migrants threaten national security potential terrorists enter country guise refugees asylum seekers . instances past individuals entered UK migrants involved terrorist activities , leading fears could happen future . Another issue raised strain migration puts UK 's resources , including police security services . large number migrants entering country year , concerns authorities may capacity properly vet monitor , potentially allowing individuals malicious intentions slip cracks . Furthermore , worries impact migration social cohesion community relations UK . argue influx migrants different cultural backgrounds lead tensions conflicts within society , could ultimately undermine country 's security . Despite concerns , important note majority migrants come UK search better life involved criminal terrorist activities . crucial strike balance ensuring national security upholding UK 's humanitarian values providing refuge need . conclusion , issue migration impact national security complex contentious one . important address legitimate concerns potential threats posed migrants , equally important recognize contributions migrants make UK treat compassion respect . finding balanced nuanced approach issue UK ensure safety security citizens upholding values tolerance diversity .",1,0,0,0,0,0,1.0,0.0,0.0,0.0,0.0,0.0
"recent years , issue migration become hotly debated topic UK , many arguing migrants threaten national culture . influx migrants various parts world led concerns erosion traditional British values customs . One main arguments put forward believe migrants threaten national culture bring customs traditions , may clash host country . led fears British culture diluted country losing identity . Furthermore , concerns migrants integrating British society , instead forming communities living isolation rest population . led accusations segregation lack cohesion within society . However , important note migration always part British history contributed rich tapestry cultures make country today . Many migrants made significant contributions British society , whether fields science , arts , business . also worth noting migrants often come UK search better life families , demonized simply trying improve circumstances . conclusion , understandable may concerns impact migration national culture , important approach issue compassion understanding . Migrants welcomed supported efforts integrate British society , rather vilified simply seeking better life .",0,1,0,0,0,0,0.0,0.0,0.0,0.0,1.0,0.0
"ongoing debate surrounding UK migration thrust spotlight , concerns raised migrants threatening country 's national culture . UK continues grapple issues surrounding immigration impact society , question migrants influencing potentially eroding country 's cultural identity become hot topic discussion . Critics current immigration policies argue influx migrants different cultural backgrounds diluting traditional values customs long associated British identity . claim increasing diversity within country leading loss national identity , even going far suggest migrants actively working undermine erode values held dear many Britons generations . Furthermore , concerns raised potential social cohesion disrupted result increased migration . fear influx migrants different cultural norms practices could lead tensions within communities , individuals struggle find common ground navigate complexities living alongside different backgrounds . However , proponents migration argue diversity strength , weakness , blending different cultures traditions enrich society whole . point numerous contributions migrants made UK , economically culturally , argue benefits diversity far outweigh potential drawbacks . debate rages , clear issue migration impact national culture complex multifaceted one . may see migrants threat UK 's cultural identity , others view valuable integral part country 's ever-evolving cultural landscape . time tell debate ultimately shape future migration policy UK .",0,1,0,0,0,0,0.0,0.0,0.0,0.0,1.0,0.0
"recent years , topic migration become hot-button issue UK , many arguing migrants threatening country 's national culture . concerns impact jobs public services fears dilution British identity , debate migration become increasingly polarized . One main arguments put forward believe migrants threatening national culture changing fabric British society . influx people different countries cultures , fear traditional British values customs eroded . led calls stricter immigration controls selective approach allowed enter country . Another key concern strain migrants placing public services job market . Critics argue increased demand housing , healthcare , services putting pressure already stretched system . Additionally , fears migrants taking jobs away British citizens , leading increased competition labor market . However , supporters migration argue diversity strength migrants bring valuable skills perspectives UK . point contributions migrants make economy , well cultural enrichment comes diverse society . also argue migrants help fill gaps labor market , particularly sectors shortages skilled workers . debate migration continues rage , clear easy answers . issue complex multifaceted , valid arguments sides . certain migration continue divisive issue UK foreseeable future , country grapples balance benefits challenges come increasingly diverse population .",0,1,0,0,0,0,0.0,0.0,0.0,0.0,0.0,1.0
"recent years , issue migration hot topic UK , many arguing migrants threatening country 's national culture . debate intensified number migrants entering UK continued rise , leading concerns impact British society . One main arguments put forward believe migrants threatening national culture changing demographics country . increasing numbers migrants coming UK , fears traditional British values way life eroded . argue migrants integrating British society instead forming communities , leading lack cohesion unity . Furthermore , concerns migrants putting pressure public services infrastructure , schools hospitals . people coming UK , worries resources stretched thin British citizens losing result . However , important note migrants threat national culture . Many migrants come UK search better life contribute positively society . bring new ideas , skills , perspectives enrich British culture help drive innovation growth . clear issue migration complex divisive one , strong opinions sides debate . legitimate concerns impact migrants national culture , important remember diversity strength migrants potential make valuable contributions UK . Ultimately , balanced nuanced approach needed address challenges opportunities migration presents .",0,1,0,0,0,0,0.0,0.0,0.0,1.0,0.0,0.0
"recent years , topic migration UK hotly debated issue , many expressing concerns impact migrants national culture . number migrants entering country continues rise , fears presence may threaten traditions values long cherished British people . One main arguments put forth believe migrants pose threat national culture bring customs practices , may clash host country . lead tensions divisions within communities , different groups struggle coexist peacefully . Furthermore , argue influx migrants put strain public services resources , leading increased competition jobs housing . create resentment among local population , may feel way life threatened presence newcomers . However , important note migration always part UK 's history , contributed rich tapestry cultures make country today . Many migrants come UK search better life , bring skills talents benefit economy society whole . also worth considering positive aspects cultural exchange come migration . Exposure different ways thinking living broaden horizons enrich lives , leading diverse vibrant society . conclusion , concerns impact migrants national culture valid , important approach issue open mind willingness embrace diversity . working together find common ground build understanding different communities , ensure migration continues positive force UK .",0,1,0,0,0,0,0.0,0.0,0.0,1.0,0.0,0.0
"recent years , topic migration become hot-button issue UK , many arguing migrants threatening job security British citizens . debate intensified country grapples economic fallout COVID-19 pandemic . According report released Migration Advisory Committee , migrants make significant portion UK workforce , particularly industries healthcare , agriculture , hospitality . argue migrants essential filling labor shortages sectors , others claim taking jobs away British workers . One main concerns raised critics impact migration wages . argue migrants willing work lower pay , drives wages British workers creates unfair competition . , turn , lead job insecurity financial hardship already struggling make ends meet . Furthermore , argue migrants likely employed temporary precarious work , making vulnerable exploitation abuse . create race bottom terms working conditions , employers may prioritize profits well-being employees . response concerns , UK government implemented stricter immigration policies recent years , including introduction points-based system restrictions low-skilled workers . However , critics argue measures enough address underlying issues job insecurity wage stagnation . debate migration job security continues rage , clear easy answers . migrants play vital role UK economy , crucial rights protected measures put place ensure fair treatment workers , regardless nationality . addressing issues head-on UK hope create equitable prosperous society .",0,0,1,0,0,0,0.0,0.0,1.0,0.0,0.0,0.0
"issue migration impact job security UK hotly debated topic recent years . ongoing Brexit negotiations government 's pledge reduce net migration tens thousands , concerns raised potential threat migrants pose job market . According report Migration Advisory Committee , migrants found negative impact job prospects low-skilled workers UK . report suggests migrants likely employed low-skilled jobs , could potentially lead increased competition positions lower wages British workers . Furthermore , report highlights migrants likely employed sectors agriculture , hospitality , construction , already high demand workers . led fears migrants taking jobs could otherwise filled British workers , leading increased competition potential job losses . However , proponents migration argue migrants play crucial role filling skills gaps UK labor market , particularly sectors shortage workers . also point migrants contribute economy taxes spending , turn creates job opportunities British workers . Despite ongoing debate , clear migration continue contentious issue UK , concerns job security forefront discussion . government seeks implement new immigration policies post-Brexit , crucial strike balance addressing concerns British workers ensuring UK remains attractive destination skilled migrants .",0,0,1,0,0,0,0.0,0.0,1.0,0.0,0.0,0.0
"recent years , topic migration UK hotly debated issue , many arguing migrants threatening job security British citizens . ongoing Brexit negotiations government 's push reduce net migration numbers , issue become even prominent public eye . According recent report Office National Statistics , net migration UK remained relatively high , 270,000 people arriving country past year . influx migrants led concerns among taking jobs away British workers putting pressure wages . One main arguments put forward believe migrants threatening job security willing work lower wages British workers , making harder locals compete job market . led fears British workers pushed certain industries , particularly sectors agriculture , construction , hospitality . Furthermore , also concern migrants taking advantage UK 's welfare system , putting additional strain public services resources . led calls stricter immigration controls selective approach allowed enter country . However , important note experts agree viewpoint . argue migrants actually contribute economy filling gaps labor market bringing valuable skills expertise UK . also point migrants often take jobs many British workers willing , seasonal agricultural work low-skilled jobs service industry . Overall , issue migration impact job security complex multifaceted one . valid concerns potential negative effects high levels migration , essential consider benefits migrants bring UK economy society whole . government continues navigate complexities Brexit immigration policy , finding balance protecting job security British workers welcoming migrants contribute country crucial .",0,0,1,0,0,0,0.0,0.0,1.0,0.0,0.0,0.0
"recent years , topic migration UK hotly debated issue , many arguing migrants threatening job security British citizens . influx migrants Eastern European countries beyond , concerns raised impact job market economy whole . According recent report Office National Statistics , net migration UK remains high , 200,000 people coming country past year alone . led fears migrants taking jobs could otherwise filled British workers , leading increased competition lower wages . One main arguments put forward concerned migration migrants willing work lower wages British workers , making harder locals find employment . particularly true industries construction , agriculture , hospitality , migrants often make significant portion workforce . However , proponents migration argue migrants actually contribute economy filling labor shortages bringing new skills ideas workforce . also point many migrants work jobs British workers willing , seasonal agricultural work low-skilled jobs service industry . Despite arguments , issue migration job security remains divisive one UK . Brexit looming horizon , government pressure tighten immigration controls reduce number migrants coming country . led concerns industries reliant migrant labor , agriculture healthcare , could suffer result . debate rages , clear migration continue key issue UK years come . Whether migrants truly threat job security vital part economy remains seen , one thing certain – impact migration UK workforce topic easily resolved .",0,0,1,0,0,0,0.0,0.0,1.0,0.0,0.0,0.0
"ongoing debate surrounding migration UK come forefront , concerns raised impact migrants job security British workers . country continues navigate complexities Brexit implications immigration policies , issue migrants taking jobs UK citizens become hot topic discussion . Recent reports suggested migrants increasingly blamed job insecurity among British workers , claims willing work lower wages poorer conditions , thereby undercutting local labor markets . sparked fears British workers pushed job opportunities migrants perceived willing accept lower pay less favorable working conditions . debate intensified UK government seeks implement stricter immigration policies wake Brexit , calls tighter controls allowed enter country work purposes . However , critics argue measures could negative consequences businesses rely migrant workers fill essential roles industries healthcare , agriculture , hospitality . issue migrants threatening job security British workers complex contentious one , valid arguments sides debate . believe migrants indeed taking jobs away UK citizens , others argue play vital role filling labor shortages contributing economy . UK continues grapple challenges migration impact job security , clear balanced nuanced approach needed address concerns stakeholders involved . open honest dialogue country hope find solution benefits British workers migrants alike .",0,0,1,0,0,0,0.0,0.0,1.0,0.0,0.0,0.0
"recent years , issue migration hot topic UK , debates raging impact migrants economy , society , culture . However , new study suggested accepting migrants could actually improve international relations benefit UK long run . study , conducted Institute Migration International Cooperation , found countries open accepting migrants tend better diplomatic relations countries . migrants often serve bridge home country host country , facilitating communication understanding two . Furthermore , study found migrants play crucial role promoting trade investment countries . bringing skills , knowledge , connections host country , migrants help businesses expand new markets forge new partnerships foreign companies . light findings , many experts calling UK adopt welcoming approach migrants . embracing diversity harnessing potential migrants , UK could improve international relations also boost economy strengthen position global stage . However , critics argue accepting migrants could put strain public services lead social tensions . also point rise anti-immigrant sentiment UK countries evidence challenges come increased migration . Despite concerns , study 's findings suggest benefits accepting migrants may outweigh costs . embracing diversity building bridges countries , UK could pave way peaceful prosperous future .",0,0,0,1,0,0,0.0,0.0,0.0,1.0,0.0,0.0
"recent years , topic migration hotly debated issue UK . rise anti-immigrant sentiment calls stricter border controls , easy overlook positive impact migration international relations . recent study conducted Migration Policy Institute found accepting migrants actually improve international relations . welcoming individuals different countries cultures , UK foster stronger ties nations promote greater understanding cooperation global scale . One key ways migration improve international relations cultural exchange . migrants come UK , bring unique traditions , languages , perspectives . diversity enrich cultural landscape country help break stereotypes prejudices may exist different nations . Furthermore , migrants often contribute economy society variety ways . bring new skills , ideas , perspectives drive innovation growth . welcoming migrants allowing fully participate society , UK benefit contributions strengthen position world stage . important remember migration natural part human history happening centuries . Rather viewing threat , see opportunity build bridges forge stronger relationships countries . UK continues navigate complexities migration policy , crucial consider positive impact accepting migrants international relations . embracing diversity promoting inclusivity , create interconnected peaceful world future generations .",0,0,0,1,0,0,0.0,0.0,0.0,1.0,0.0,0.0
"recent years , issue migration hot topic UK , debates raging sides argument . However , new report shed light positive impact accepting migrants international relations . According report , countries open accepting migrants tend stronger diplomatic ties nations . welcoming people different backgrounds cultures , countries foster greater sense understanding cooperation global stage . report also highlights economic benefits migration , migrants often filling crucial roles industries healthcare , education , technology . allowing migrants contribute skills expertise , countries boost economies create diverse dynamic workforce . Furthermore , accepting migrants help combat stereotypes prejudice , fostering inclusive tolerant society . embracing diversity , countries build stronger communities promote social cohesion . Overall , report suggests accepting migrants positive impact international relations , well economy society whole . clear migration complex issue , approaching open mind willingness learn others , countries reap benefits interconnected harmonious world .",0,0,0,1,0,0,0.0,0.0,0.0,1.0,0.0,0.0
"recent years , issue migration hot topic debate UK . ongoing Brexit negotiations rise anti-immigrant sentiment , many questioned impact migration country . However , new study suggests accepting migrants could actually improve international relations . According study , conducted Institute Global Studies , countries open immigration policies tend stronger diplomatic ties nations . due fact migrants often serve bridge home country host country , fostering cultural exchange understanding . UK , migration divisive issue , research could significant implications . Brexit looming , UK need strong international partnerships navigate post-EU landscape . embracing migrants promoting diversity , UK could strengthen relationships countries enhance global standing . Furthermore , study found migrants often contribute positively host countries , economically socially . welcoming migrants harnessing skills talents , UK could benefit increased innovation growth . certainly challenges associated migration , clear accepting migrants positive impact international relations . UK grapples future outside EU , perhaps time reconsider approach migration embrace benefits diversity bring .",0,0,0,1,0,0,0.0,0.0,0.0,0.0,0.0,1.0
"recent years , topic migration hot-button issue UK , debates raging impact migrants economy , society , culture . However , new report shed light positive effects accepting migrants , particularly comes improving international relations . According report , conducted leading think tank , countries open accepting migrants tend stronger diplomatic ties nations . migration fosters sense interconnectedness understanding different cultures societies , leading greater cooperation collaboration global scale . report also highlights role migrants play contributing UK 's economy workforce . Migrants bring diverse range skills experiences , filling crucial gaps labor market driving innovation growth key sectors healthcare , technology , education . Furthermore , report argues accepting migrants moral imperative , also strategic one . welcoming migrants embracing diversity , UK position global leader promoting tolerance , equality , human rights , turn strengthen standing international stage . Despite benefits , report acknowledges challenges associated migration , strain place public services infrastructure . However , argues proper planning support , challenges addressed effectively , allowing UK reap rewards open inclusive society . Overall , report makes compelling case positive impact accepting migrants international relations . UK continues navigate complexities migration policy , essential consider short-term costs , also long-term benefits embracing diversity building bridges global community .",0,0,0,1,0,0,0.0,0.0,0.0,0.0,0.0,1.0
"recent years , topic migration hotly debated issue UK , many arguing migrants bring wealth benefits country , including enriching national culture . food music art , migrants profound impact cultural landscape UK . One obvious ways migrants enriched culture culinary traditions . Restaurants serving dishes corners globe found every city town UK , offering taste world right doorstep . Whether 's spicy curry India , fragrant tagine Morocco , hearty bowl ramen Japan , migrants introduced us whole new world flavors ingredients . 's food migrants brought UK . also enriched music scene , genres reggae , salsa , afrobeat becoming increasingly popular . Artists world made mark UK music scene , bringing unique sounds styles ears inspiring new generation musicians . world art , migrants also made significant impact , many artists diverse backgrounds gaining recognition acclaim UK . work often reflects cultural heritage , offering fresh perspective challenging preconceived notions art beauty . Overall , clear migrants played vital role enriching national culture . contributions added depth , diversity , vibrancy society , making UK interesting dynamic place live . continue grapple complexities migration , important remember positive impact migrants culture celebrate diversity bring shores .",0,0,0,0,1,0,0.0,0.0,0.0,0.0,1.0,0.0
"recent years , topic migration hot-button issue UK , debates raging impact immigration country . argue migrants burden social services job opportunities , others believe bring wealth cultural diversity enrichment nation . Indeed , contributions migrants UK 's national culture understated . vibrant cuisines Indian , Chinese , Italian restaurants lining streets every major city , influence Caribbean African music UK 's music scene , migrants brought richness diversity country helped shape identity . 's arts cuisine migrants made mark . fields diverse science , technology , business , migrants played crucial role driving innovation economic growth UK . Many country 's successful entrepreneurs academics immigrants children immigrants , bringing unique perspectives talents bear challenges modern world . Despite undeniable benefits migrants bring UK , still argue pose threat country 's cultural identity social cohesion . However , recent study Migration Observatory University Oxford found migrants actually positive impact social integration , many migrants actively participating community activities events , forming friendships people different backgrounds . country diverse multicultural UK , clear migrants play vital role enriching national culture contributing country 's success . debate immigration continues rage , important remember many ways migrants made positive impact UK , celebrate diversity richness bring society .",0,0,0,0,1,0,0.0,0.0,0.0,1.0,0.0,0.0
"recent years , topic migration hotly debated issue UK , many questioning impact migrants country . However , new report shed light positive contributions migrants make UK 's national culture . According report , migrants played crucial role enriching cultural landscape UK . introducing new cuisines music bringing diverse perspectives experiences , migrants brought wealth creativity innovation country . One example cultural enrichment seen thriving food scene cities like London , melting pot cuisines around world found . Indian curries Turkish kebabs , migrants introduced variety flavors dishes become integral parts British cuisine . addition food , migrants also made significant contributions arts music scene UK . Many renowned artists , musicians , writers come migrant backgrounds , bringing unique perspectives talents forefront British culture . Furthermore , migrants also played key role shaping UK 's traditions customs . celebrating festivals home countries sharing cultural practices wider community , migrants helped create inclusive diverse society UK . Overall , report highlights importance recognizing celebrating contributions migrants make UK 's national culture . embracing diversity welcoming migrants open arms , UK continue thrive vibrant dynamic society .",0,0,0,0,1,0,0.0,0.0,0.0,1.0,0.0,0.0
"recent years , topic migration hotly debated issue UK . argue migrants put strain public services job opportunities , others believe bring diversity enrich national culture . According report Migration Observatory University Oxford , migrants made significant contributions UK 's cultural landscape . cuisine music art , migrants brought unique traditions customs country , creating vibrant dynamic society . One example cultural enrichment seen food industry . UK boasts diverse range restaurants offering cuisines around world , thanks influence migrants . Indian curry houses Turkish kebab shops Italian trattorias , establishments become integral part British dining culture . addition food , migrants also made mark arts scene UK . Many renowned artists , musicians , writers come immigrant backgrounds , bringing new perspectives ideas cultural landscape . work enriched national culture also helped challenge broaden traditional notions British identity . Furthermore , migrants played crucial role shaping UK 's social fabric . brought wealth skills talents country , contributing various sectors healthcare , education , technology . benefited economy also helped create diverse inclusive society . debate migration UK far , clear migrants played significant role enriching national culture . contributions helped create vibrant diverse society , making UK better place call home .",0,0,0,0,1,0,0.0,0.0,0.0,0.0,1.0,0.0
"recent years , topic migration hotly debated issue UK , many arguing impact migrants national culture . may view migrants threat traditional values customs , others believe bring wealth diversity enrichment country . recent study conducted Migration Observatory University Oxford shed light positive effects migrants UK culture . study found migrants played significant role shaping cultural landscape country , bringing new ideas , traditions , perspectives . vibrant street food markets London traditional music dance festivals Glasgow , migrants made mark every corner UK . influence seen fusion different cuisines , celebration various religious festivals , introduction new art forms styles . One notable examples migrants enriching national culture rise multiculturalism UK . 300 languages spoken London alone , city become melting pot different cultures traditions , creating dynamic diverse society celebrated around world . Furthermore , migrants also made significant contributions arts , literature , music scenes UK . award-winning authors like Zadie Smith Chimamanda Ngozi Adichie groundbreaking musicians like Stormzy Dua Lipa , migrants brought fresh perspective creativity cultural landscape country . Overall , evidence clear – migrants played vital role enriching national culture UK . contributions added diversity vibrancy country also helped shape define identity 21st century . continue navigate complexities migration , important recognize celebrate positive impact migrants culture society .",0,0,0,0,1,0,0.0,0.0,0.0,0.0,1.0,0.0
"recent years , topic migration UK hotly debated issue , many arguing migrants negative impact economy . However , new research suggests migrants actually play crucial role boosting UK economy . According report Migration Advisory Committee , migrants essential UK economy , many filling vital roles key industries healthcare , construction , hospitality . report found migrants contribute significantly country 's GDP , EU migrants alone contributing £4.7 billion economy 2018 . Furthermore , migrants also likely work UK-born citizens , higher employment rate lower unemployment rate . means migrants contributing economy work , also helping fill skill gaps workforce . addition , migrants also likely entrepreneurial , many starting businesses creating jobs UK citizens . According Centre Entrepreneurs , migrants twice likely start business UK compared UK-born citizens . Overall , evidence suggests migrants vital part UK economy , contributing variety ways helping drive economic growth . UK prepares leave EU , important recognize valuable contribution migrants make country ensure policies place support welcome .",0,0,0,0,0,1,0.0,0.0,0.0,0.0,0.0,1.0
"UK migration debate long contentious issue , arguments sides impact migrants economy . However , recent report shed light positive contribution migrants make UK economy , challenging negative stereotypes perpetuated media . According report , migrants UK likely work British-born counterparts , higher employment rates lower unemployment rates . benefits migrants , also boosts overall economy increasing productivity filling gaps labor market . Furthermore , migrants also likely start businesses , contributing job creation economic growth . fact , research shown migrants likely entrepreneurs native-born citizens , many setting successful businesses generate revenue create jobs others . report also highlights role migrants play key sectors economy , healthcare , education , hospitality . Without contributions migrants , industries would struggle function effectively , leading potential shortages essential services negative impact economy whole . Overall , evidence suggests migrants drain UK economy , rather vital source growth prosperity . government continues navigate complexities Brexit immigration policy , important consider valuable role migrants play driving economic success ensuring prosperous future UK .",0,0,0,0,0,1,0.0,0.0,0.0,0.0,0.0,1.0
"Migrants Boost UK Economy : New Report Reveals Positive Impact new report released Migration Advisory Committee shed light positive impact migrants UK economy . report , analyzed data past decade , found migrants contribute significantly country 's economic growth prosperity . According report , migrants make substantial portion UK workforce , many working key industries healthcare , construction , hospitality . contributions help fill skill shortages drive innovation , leading increased productivity economic output . Furthermore , report highlighted role migrants play driving consumer spending supporting small businesses . Many migrants start businesses , creating jobs stimulating economic activity local communities . report also debunked common myths migrants draining public resources , stating migrants actually contribute taxes receive benefits . fact , report found migrants net contributors UK economy , helping fund public services healthcare education . Overall , report concluded migrants play vital role boosting UK economy welcomed positive contributions . country looks recover economic impact COVID-19 pandemic , harnessing skills talents migrants crucial driving growth prosperity years come . findings report sparked renewed debate UK migration policy , calls welcoming approach attract retain skilled migrants . country charts path towards economic recovery , embracing contributions migrants key building stronger prosperous future .",0,0,0,0,0,1,0.0,0.0,0.0,0.0,0.0,1.0
"Migration long hot topic UK , arguments sides debate . However , recent research shown migrants actually boosting UK economy ways one . According report Migration Advisory Committee , migrants filling crucial gaps labor market , also contributing significantly country 's economic growth . report found migrants likely work UK-born individuals , also likely highly skilled educated . Furthermore , migrants also starting businesses higher rate UK-born individuals , adding country 's entrepreneurial spirit creating jobs others . fact , migrants responsible creating one seven UK businesses , highlighting important role driving economic growth . report also dispelled myth migrants drain public services , finding actually contribute taxes receive benefits . means migrants helping fund services argue putting strain . Overall , report concluded migrants positive impact UK economy , country would worse without contributions . UK navigates way Brexit challenges lie ahead , clear migrants continue play crucial role driving economic growth prosperity .",0,0,0,0,0,1,0.0,0.0,0.0,0.0,0.0,1.0
"recent years , topic migration UK hotly debated issue , many arguing migrants drain economy . However , new research shown migrants actually play vital role boosting UK economy . According report Migration Advisory Committee , migrants contribute significantly UK economy work spending habits . report found migrants likely work UK-born citizens , also likely highly skilled educated . addition , migrants also play key role filling labor shortages key industries healthcare , construction , hospitality . Without migrant workers , industries would struggle meet demand , leading negative impact economy . Furthermore , migrants also contribute economy spending habits . Many migrants send money back home countries , helps support families boost economies countries . However , migrants also spend significant amount money UK goods services , helps stimulate economic growth . Overall , research shows migrants vital part UK economy play crucial role boosting economic growth . clear migrants bring wide range skills talents UK , contribution recognized valued .",0,0,0,0,0,1,0.0,0.0,0.0,0.0,0.0,1.0
